Data Point,Time Start,Time Finish,Wh,Earliest Start,Latest Finish
0,0:00,0:30,0,0,47
1,0:30,1:00,2080,,
2,1:00,1:30,160,,
3,1:30,2:00,2080,,
4,2:00,2:30,450,,
5,2:30,3:00,0,,
6,3:00,3:30,0,,
7,3:30,4:00,0,,
8,4:00,4:30,0,,
9,4:30,5:00,0,,
10,5:00,5:30,0,,
11,5:30,6:00,0,,
12,6:00,6:30,0,,
13,6:30,7:00,0,,
14,7:00,7:30,0,,
15,7:30,8:00,0,,
16,8:00,8:30,0,,
17,8:30,9:00,0,,
18,9:00,9:30,0,,
19,9:30,10:00,0,,
20,10:00,10:30,0,,
21,10:30,11:00,0,,
22,11:00,11:30,0,,
23,11:30,12:00,0,,
24,12:00,12:30,0,,
25,12:30,13:00,0,,
26,13:00,13:30,0,,
27,13:30,14:00,0,,
28,14:00,14:30,0,,
29,14:30,15:00,0,,
30,15:00,15:30,0,,
31,15:30,16:00,0,,
32,16:00,16:30,0,,
33,16:30,17:00,0,,
34,17:00,17:30,0,,
35,17:30,18:00,0,,
36,18:00,18:30,0,,
37,18:30,19:00,0,,
38,19:00,19:30,0,,
39,19:30,20:00,0,,
40,20:00,20:30,0,,
41,20:30,21:00,0,,
42,21:00,21:30,0,,
43,21:30,22:00,0,,
44,22:00,22:30,0,,
45,22:30,23:00,0,,
46,23:00,23:30,0,,
47,23:30,0:00,0,,
