Data Point,Time Start,Time End,Generation,Demand,Cost
0,0:00,0:30,0,0.383655172,0.5115
1,0:30,1:00,0,0.356724138,0.5115
2,1:00,1:30,0,0.37237931,0.338
3,1:30,2:00,0,0.319689655,0.338
4,2:00,2:30,0,0.303241379,0.338
5,2:30,3:00,0,0.270931034,0.338
6,3:00,3:30,0,0.244689655,0.338
7,3:30,4:00,0,0.238413793,0.338
8,4:00,4:30,0,0.220517241,0.338
9,4:30,5:00,0,0.21162069,0.338
10,5:00,5:30,0,0.20962069,0.338
11,5:30,6:00,0,0.201586207,0.338
12,6:00,6:30,0,0.193586207,0.5115
13,6:30,7:00,0,0.197344828,0.5115
14,7:00,7:30,0,0.207551724,0.5115
15,7:30,8:00,0,0.201586207,0.5115
16,8:00,8:30,0.019,0.268206897,0.5115
17,8:30,9:00,0.025,0.356689655,0.5115
18,9:00,9:30,0.044,0.29937931,0.5115
19,9:30,10:00,0.244,0.329724138,0.5115
20,10:00,10:30,0.481,0.360103448,0.338
21,10:30,11:00,0.663,0.318275862,0.338
22,11:00,11:30,0.769,0.300172414,0.338
23,11:30,12:00,0.844,0.306655172,0.338
24,12:00,12:30,1,0.301931034,0.338
25,12:30,13:00,0.775,0.27162069,0.338
26,13:00,13:30,0.756,0.29762069,0.338
27,13:30,14:00,0.869,0.340931034,0.338
28,14:00,14:30,0.725,0.362931034,0.338
29,14:30,15:00,0.744,0.351655172,0.338
30,15:00,15:30,0.913,0.300448276,0.5115
31,15:30,16:00,0.631,0.271482759,0.5115
32,16:00,16:30,0.294,0.335103448,0.5115
33,16:30,17:00,0.031,0.39437931,0.5115
34,17:00,17:30,0.006,0.409,0.5115
35,17:30,18:00,0,0.425275862,0.5115
36,18:00,18:30,0,0.510931034,0.5115
37,18:30,19:00,0,0.609275862,0.5115
38,19:00,19:30,0,0.513310345,0.5115
39,19:30,20:00,0,0.447448276,0.5115
40,20:00,20:30,0,0.395965517,0.5115
41,20:30,21:00,0,0.392137931,0.5115
42,21:00,21:30,0,0.404931034,0.5115
43,21:30,22:00,0,0.419172414,0.5115
44,22:00,22:30,0,0.441862069,0.5115
45,22:30,23:00,0,0.446068966,0.5115
46,23:00,23:30,0,0.392241379,0.5115
47,23:30,0:00,0,0.37962069,0.5115
