Data Point,Time Start,Time Finish,Cost
0,0:00,0:30,0.5115
1,0:30,1:00,0.5115
2,1:00,1:30,0.338
3,1:30,2:00,0.338
4,2:00,2:30,0.338
5,2:30,3:00,0.338
6,3:00,3:30,0.338
7,3:30,4:00,0.338
8,4:00,4:30,0.338
9,4:30,5:00,0.338
10,5:00,5:30,0.338
11,5:30,6:00,0.338
12,6:00,6:30,0.5115
13,6:30,7:00,0.5115
14,7:00,7:30,0.5115
15,7:30,8:00,0.5115
16,8:00,8:30,0.5115
17,8:30,9:00,0.5115
18,9:00,9:30,0.5115
19,9:30,10:00,0.5115
20,10:00,10:30,0.338
21,10:30,11:00,0.338
22,11:00,11:30,0.338
23,11:30,12:00,0.338
24,12:00,12:30,0.338
25,12:30,13:00,0.338
26,13:00,13:30,0.338
27,13:30,14:00,0.338
28,14:00,14:30,0.338
29,14:30,15:00,0.338
30,15:00,15:30,0.5115
31,15:30,16:00,0.5115
32,16:00,16:30,0.5115
33,16:30,17:00,0.5115
34,17:00,17:30,0.5115
35,17:30,18:00,0.5115
36,18:00,18:30,0.5115
37,18:30,19:00,0.5115
38,19:00,19:30,0.5115
39,19:30,20:00,0.5115
40,20:00,20:30,0.5115
41,20:30,21:00,0.5115
42,21:00,21:30,0.5115
43,21:30,22:00,0.5115
44,22:00,22:30,0.5115
45,22:30,23:00,0.5115
46,23:00,23:30,0.5115
47,23:30,0:00,0.5115
